{
    "Format": "1.23.0",
    "ConfigSchema": {
        "EnableMod": {
            "AllowValues": "true, false",
            "Default": "true"
        },
        "Abigail": {
            "AllowValues": "true, false",
            "Default": "true"
        },
        "Abigail_Beach": {
            "AllowValues": "true, false",
            "Default": "true"
        },
        "Alex": {
            "AllowValues": "true, false",
            "Default": "true"
        },
        "Alex_Beach": {
            "AllowValues": "true, false",
            "Default": "true"
        },
        "AnsweringMachine": {
            "AllowValues": "true, false",
            "Default": "true"
        },
        "Bear": {
            "AllowValues": "true, false",
            "Default": "true"
        },
        "Birdie": {
            "AllowValues": "true, false",
            "Default": "true"
        },
        "Bouncer": {
            "AllowValues": "true, false",
            "Default": "true"
        },
        "Caroline": {
            "AllowValues": "true, false",
            "Default": "true"
        },
        "Caroline_Beach": {
            "AllowValues": "true, false",
            "Default": "true"
        },
        "Clint": {
            "AllowValues": "true, false",
            "Default": "true"
        },
        "Clint_Beach": {
            "AllowValues": "true, false",
            "Default": "true"
        },
        "Demetrius": {
            "AllowValues": "true, false",
            "Default": "true"
        },
        "Dobson": {
            "AllowValues": "true, false",
            "Default": "true"
        },
        "Dwarf": {
            "AllowValues": "true, false",
            "Default": "true"
        },
        "Elliott": {
            "AllowValues": "true, false",
            "Default": "true"
        },
        "Elliott_Beach": {
            "AllowValues": "true, false",
            "Default": "true"
        },
        "Emily": {
            "AllowValues": "true, false",
            "Default": "true"
        },
        "Emily_Beach": {
            "AllowValues": "true, false",
            "Default": "true"
        },
        "Evelyn": {
            "AllowValues": "true, false",
            "Default": "true"
        },
        "George": {
            "AllowValues": "true, false",
            "Default": "true"
        },
        "Gil": {
            "AllowValues": "true, false",
            "Default": "true"
        },
        "Governor": {
            "AllowValues": "true, false",
            "Default": "true"
        },
        "Grandpa": {
            "AllowValues": "true, false",
            "Default": "true"
        },
        "Gunther": {
            "AllowValues": "true, false",
            "Default": "true"
        },
        "Gus": {
            "AllowValues": "true, false",
            "Default": "true"
        },
        "Haley": {
            "AllowValues": "true, false",
            "Default": "true"
        },
        "Haley_Beach": {
            "AllowValues": "true, false",
            "Default": "true"
        },
        "Harvey": {
            "AllowValues": "true, false",
            "Default": "true"
        },
        "Harvey_Beach": {
            "AllowValues": "true, false",
            "Default": "true"
        },
        "Henchman": {
            "AllowValues": "true, false",
            "Default": "true"
        },
        "Jas": {
            "AllowValues": "true, false",
            "Default": "true"
        },
        "Jodi": {
            "AllowValues": "true, false",
            "Default": "true"
        },
        "Jodi_Beach": {
            "AllowValues": "true, false",
            "Default": "true"
        },
        "Kent": {
            "AllowValues": "true, false",
            "Default": "true"
        },
        "Krobus": {
            "AllowValues": "true, false",
            "Default": "true"
        },
        "Krobus_Trenchcoat": {
            "AllowValues": "true, false",
            "Default": "true"
        },
        "Leah": {
            "AllowValues": "true, false",
            "Default": "true"
        },
        "Leah_Beach": {
            "AllowValues": "true, false",
            "Default": "true"
        },
        "Lewis": {
            "AllowValues": "true, false",
            "Default": "true"
        },
        "Linus": {
            "AllowValues": "true, false",
            "Default": "true"
        },
        "Marlon": {
            "AllowValues": "true, false",
            "Default": "true"
        },
        "Marnie": {
            "AllowValues": "true, false",
            "Default": "true"
        },
        "Marnie_Beach": {
            "AllowValues": "true, false",
            "Default": "true"
        },
        "Maru": {
            "AllowValues": "true, false",
            "Default": "true"
        },
        "Maru_Beach": {
            "AllowValues": "true, false",
            "Default": "true"
        },
        "Maru_Hospital": {
            "AllowValues": "true, false",
            "Default": "true"
        },
        "Morris": {
            "AllowValues": "true, false",
            "Default": "true"
        },
        "MrQi": {
            "AllowValues": "true, false",
            "Default": "true"
        },
        "Pam": {
            "AllowValues": "true, false",
            "Default": "true"
        },
        "Pam_Beach": {
            "AllowValues": "true, false",
            "Default": "true"
        },
        "ParrotBoy": {
            "AllowValues": "true, false",
            "Default": "true"
        },
        "Penny": {
            "AllowValues": "true, false",
            "Default": "true"
        },
        "Penny_Beach": {
            "AllowValues": "true, false",
            "Default": "true"
        },
        "Pierre": {
            "AllowValues": "true, false",
            "Default": "true"
        },
        "Pierre_Beach": {
            "AllowValues": "true, false",
            "Default": "true"
        },
        "Robin": {
            "AllowValues": "true, false",
            "Default": "true"
        },
        "Robin_Beach": {
            "AllowValues": "true, false",
            "Default": "true"
        },
        "SafariGuy": {
            "AllowValues": "true, false",
            "Default": "true"
        },
        "Sam": {
            "AllowValues": "true, false",
            "Default": "true"
        },
        "Sam_Beach": {
            "AllowValues": "true, false",
            "Default": "true"
        },
        "Sandy": {
            "AllowValues": "true, false",
            "Default": "true"
        },
        "Sebastian": {
            "AllowValues": "true, false",
            "Default": "true"
        },
        "Sebastian_Beach": {
            "AllowValues": "true, false",
            "Default": "true"
        },
        "Shane": {
            "AllowValues": "true, false",
            "Default": "true"
        },
        "Shane_Beach": {
            "AllowValues": "true, false",
            "Default": "true"
        },
        "Vincent": {
            "AllowValues": "true, false",
            "Default": "true"
        },
        "Willy": {
            "AllowValues": "true, false",
            "Default": "true"
        },
        "Wizard": {
            "AllowValues": "true, false",
            "Default": "true"
        }
    },
    "Changes": [
        {
            "Action": "EditImage",
            "Target": "Portraits/Abigail",
            "FromFile": "assets/Abigail.png",
            "When": {
                "EnableMod": "true",
                "Abigail": "true"
            }
        },
        {
            "Action": "EditImage",
            "Target": "Portraits/Abigail_Beach",
            "FromFile": "assets/Abigail_Beach.png",
            "When": {
                "EnableMod": "true",
                "Abigail_Beach": "true"
            }
        },
        {
            "Action": "EditImage",
            "Target": "Portraits/Alex",
            "FromFile": "assets/Alex.png",
            "When": {
                "EnableMod": "true",
                "Alex": "true"
            }
        },
        {
            "Action": "EditImage",
            "Target": "Portraits/Alex_Beach",
            "FromFile": "assets/Alex_Beach.png",
            "When": {
                "EnableMod": "true",
                "Alex_Beach": "true"
            }
        },
        {
            "Action": "EditImage",
            "Target": "Portraits/AnsweringMachine",
            "FromFile": "assets/AnsweringMachine.png",
            "When": {
                "EnableMod": "true",
                "AnsweringMachine": "true"
            }
        },
        {
            "Action": "EditImage",
            "Target": "Portraits/Bear",
            "FromFile": "assets/Bear.png",
            "When": {
                "EnableMod": "true",
                "Bear": "true"
            }
        },
        {
            "Action": "EditImage",
            "Target": "Portraits/Birdie",
            "FromFile": "assets/Birdie.png",
            "When": {
                "EnableMod": "true",
                "Birdie": "true"
            }
        },
        {
            "Action": "EditImage",
            "Target": "Portraits/Bouncer",
            "FromFile": "assets/Bouncer.png",
            "When": {
                "EnableMod": "true",
                "Bouncer": "true"
            }
        },
        {
            "Action": "EditImage",
            "Target": "Portraits/Caroline",
            "FromFile": "assets/Caroline.png",
            "When": {
                "EnableMod": "true",
                "Caroline": "true"
            }
        },
        {
            "Action": "EditImage",
            "Target": "Portraits/Caroline_Beach",
            "FromFile": "assets/Caroline_Beach.png",
            "When": {
                "EnableMod": "true",
                "Caroline_Beach": "true"
            }
        },
        {
            "Action": "EditImage",
            "Target": "Portraits/Clint",
            "FromFile": "assets/Clint.png",
            "When": {
                "EnableMod": "true",
                "Clint": "true"
            }
        },
        {
            "Action": "EditImage",
            "Target": "Portraits/Clint_Beach",
            "FromFile": "assets/Clint_Beach.png",
            "When": {
                "EnableMod": "true",
                "Clint_Beach": "true"
            }
        },
        {
            "Action": "EditImage",
            "Target": "Portraits/Demetrius",
            "FromFile": "assets/Demetrius.png",
            "When": {
                "EnableMod": "true",
                "Demetrius": "true"
            }
        },
        {
            "Action": "EditImage",
            "Target": "Portraits/Dobson",
            "FromFile": "assets/Dobson.png",
            "When": {
                "EnableMod": "true",
                "Dobson": "true"
            }
        },
        {
            "Action": "EditImage",
            "Target": "Portraits/Dwarf",
            "FromFile": "assets/Dwarf.png",
            "When": {
                "EnableMod": "true",
                "Dwarf": "true"
            }
        },
        {
            "Action": "EditImage",
            "Target": "Portraits/Elliott",
            "FromFile": "assets/Elliott.png",
            "When": {
                "EnableMod": "true",
                "Elliott": "true"
            }
        },
        {
            "Action": "EditImage",
            "Target": "Portraits/Elliott_Beach",
            "FromFile": "assets/Elliott_Beach.png",
            "When": {
                "EnableMod": "true",
                "Elliott_Beach": "true"
            }
        },
        {
            "Action": "EditImage",
            "Target": "Portraits/Emily",
            "FromFile": "assets/Emily.png",
            "When": {
                "EnableMod": "true",
                "Emily": "true"
            }
        },
        {
            "Action": "EditImage",
            "Target": "Portraits/Emily_Beach",
            "FromFile": "assets/Emily_Beach.png",
            "When": {
                "EnableMod": "true",
                "Emily_Beach": "true"
            }
        },
        {
            "Action": "EditImage",
            "Target": "Portraits/Evelyn",
            "FromFile": "assets/Evelyn.png",
            "When": {
                "EnableMod": "true",
                "Evelyn": "true"
            }
        },
        {
            "Action": "EditImage",
            "Target": "Portraits/George",
            "FromFile": "assets/George.png",
            "When": {
                "EnableMod": "true",
                "George": "true"
            }
        },
        {
            "Action": "EditImage",
            "Target": "Portraits/Gil",
            "FromFile": "assets/Gil.png",
            "When": {
                "EnableMod": "true",
                "Gil": "true"
            }
        },
        {
            "Action": "EditImage",
            "Target": "Portraits/Governor",
            "FromFile": "assets/Governor.png",
            "When": {
                "EnableMod": "true",
                "Governor": "true"
            }
        },
        {
            "Action": "EditImage",
            "Target": "Portraits/Grandpa",
            "FromFile": "assets/Grandpa.png",
            "When": {
                "EnableMod": "true",
                "Grandpa": "true"
            }
        },
        {
            "Action": "EditImage",
            "Target": "Portraits/Gunther",
            "FromFile": "assets/Gunther.png",
            "When": {
                "EnableMod": "true",
                "Gunther": "true"
            }
        },
        {
            "Action": "EditImage",
            "Target": "Portraits/Gus",
            "FromFile": "assets/Gus.png",
            "When": {
                "EnableMod": "true",
                "Gus": "true"
            }
        },
        {
            "Action": "EditImage",
            "Target": "Portraits/Haley",
            "FromFile": "assets/Haley.png",
            "When": {
                "EnableMod": "true",
                "Haley": "true"
            }
        },
        {
            "Action": "EditImage",
            "Target": "Portraits/Haley_Beach",
            "FromFile": "assets/Haley_Beach.png",
            "When": {
                "EnableMod": "true",
                "Haley_Beach": "true"
            }
        },
        {
            "Action": "EditImage",
            "Target": "Portraits/Harvey",
            "FromFile": "assets/Harvey.png",
            "When": {
                "EnableMod": "true",
                "Harvey": "true"
            }
        },
        {
            "Action": "EditImage",
            "Target": "Portraits/Harvey_Beach",
            "FromFile": "assets/Harvey_Beach.png",
            "When": {
                "EnableMod": "true",
                "Harvey_Beach": "true"
            }
        },
        {
            "Action": "EditImage",
            "Target": "Portraits/Henchman",
            "FromFile": "assets/Henchman.png",
            "When": {
                "EnableMod": "true",
                "Henchman": "true"
            }
        },
        {
            "Action": "EditImage",
            "Target": "Portraits/Jas",
            "FromFile": "assets/Jas.png",
            "When": {
                "EnableMod": "true",
                "Jas": "true"
            }
        },
        {
            "Action": "EditImage",
            "Target": "Portraits/Jodi",
            "FromFile": "assets/Jodi.png",
            "When": {
                "EnableMod": "true",
                "Jodi": "true"
            }
        },
        {
            "Action": "EditImage",
            "Target": "Portraits/Jodi_Beach",
            "FromFile": "assets/Jodi_Beach.png",
            "When": {
                "EnableMod": "true",
                "Jodi_Beach": "true"
            }
        },
        {
            "Action": "EditImage",
            "Target": "Portraits/Kent",
            "FromFile": "assets/Kent.png",
            "When": {
                "EnableMod": "true",
                "Kent": "true"
            }
        },
        {
            "Action": "EditImage",
            "Target": "Portraits/Krobus",
            "FromFile": "assets/Krobus.png",
            "When": {
                "EnableMod": "true",
                "Krobus": "true"
            }
        },
        {
            "Action": "EditImage",
            "Target": "Portraits/Krobus_Trenchcoat",
            "FromFile": "assets/Krobus_Trenchcoat.png",
            "When": {
                "EnableMod": "true",
                "Krobus_Trenchcoat": "true"
            }
        },
        {
            "Action": "EditImage",
            "Target": "Portraits/Leah",
            "FromFile": "assets/Leah.png",
            "When": {
                "EnableMod": "true",
                "Leah": "true"
            }
        },
        {
            "Action": "EditImage",
            "Target": "Portraits/Leah_Beach",
            "FromFile": "assets/Leah_Beach.png",
            "When": {
                "EnableMod": "true",
                "Leah_Beach": "true"
            }
        },
        {
            "Action": "EditImage",
            "Target": "Portraits/Lewis",
            "FromFile": "assets/Lewis.png",
            "When": {
                "EnableMod": "true",
                "Lewis": "true"
            }
        },
        {
            "Action": "EditImage",
            "Target": "Portraits/Linus",
            "FromFile": "assets/Linus.png",
            "When": {
                "EnableMod": "true",
                "Linus": "true"
            }
        },
        {
            "Action": "EditImage",
            "Target": "Portraits/Marlon",
            "FromFile": "assets/Marlon.png",
            "When": {
                "EnableMod": "true",
                "Marlon": "true"
            }
        },
        {
            "Action": "EditImage",
            "Target": "Portraits/Marnie",
            "FromFile": "assets/Marnie.png",
            "When": {
                "EnableMod": "true",
                "Marnie": "true"
            }
        },
        {
            "Action": "EditImage",
            "Target": "Portraits/Marnie_Beach",
            "FromFile": "assets/Marnie_Beach.png",
            "When": {
                "EnableMod": "true",
                "Marnie_Beach": "true"
            }
        },
        {
            "Action": "EditImage",
            "Target": "Portraits/Maru",
            "FromFile": "assets/Maru.png",
            "When": {
                "EnableMod": "true",
                "Maru": "true"
            }
        },
        {
            "Action": "EditImage",
            "Target": "Portraits/Maru_Beach",
            "FromFile": "assets/Maru_Beach.png",
            "When": {
                "EnableMod": "true",
                "Maru_Beach": "true"
            }
        },
        {
            "Action": "EditImage",
            "Target": "Portraits/Maru_Hospital",
            "FromFile": "assets/Maru_Hospital.png",
            "When": {
                "EnableMod": "true",
                "Maru_Hospital": "true"
            }
        },
        {
            "Action": "EditImage",
            "Target": "Portraits/Morris",
            "FromFile": "assets/Morris.png",
            "When": {
                "EnableMod": "true",
                "Morris": "true"
            }
        },
        {
            "Action": "EditImage",
            "Target": "Portraits/MrQi",
            "FromFile": "assets/MrQi.png",
            "When": {
                "EnableMod": "true",
                "MrQi": "true"
            }
        },
        {
            "Action": "EditImage",
            "Target": "Portraits/Pam",
            "FromFile": "assets/Pam.png",
            "When": {
                "EnableMod": "true",
                "Pam": "true"
            }
        },
        {
            "Action": "EditImage",
            "Target": "Portraits/Pam_Beach",
            "FromFile": "assets/Pam_Beach.png",
            "When": {
                "EnableMod": "true",
                "Pam_Beach": "true"
            }
        },
        {
            "Action": "EditImage",
            "Target": "Portraits/ParrotBoy",
            "FromFile": "assets/ParrotBoy.png",
            "When": {
                "EnableMod": "true",
                "ParrotBoy": "true"
            }
        },
        {
            "Action": "EditImage",
            "Target": "Portraits/Penny",
            "FromFile": "assets/Penny.png",
            "When": {
                "EnableMod": "true",
                "Penny": "true"
            }
        },
        {
            "Action": "EditImage",
            "Target": "Portraits/Penny_Beach",
            "FromFile": "assets/Penny_Beach.png",
            "When": {
                "EnableMod": "true",
                "Penny_Beach": "true"
            }
        },
        {
            "Action": "EditImage",
            "Target": "Portraits/Pierre",
            "FromFile": "assets/Pierre.png",
            "When": {
                "EnableMod": "true",
                "Pierre": "true"
            }
        },
        {
            "Action": "EditImage",
            "Target": "Portraits/Pierre_Beach",
            "FromFile": "assets/Pierre_Beach.png",
            "When": {
                "EnableMod": "true",
                "Pierre_Beach": "true"
            }
        },
        {
            "Action": "EditImage",
            "Target": "Portraits/Robin",
            "FromFile": "assets/Robin.png",
            "When": {
                "EnableMod": "true",
                "Robin": "true"
            }
        },
        {
            "Action": "EditImage",
            "Target": "Portraits/Robin_Beach",
            "FromFile": "assets/Robin_Beach.png",
            "When": {
                "EnableMod": "true",
                "Robin_Beach": "true"
            }
        },
        {
            "Action": "EditImage",
            "Target": "Portraits/SafariGuy",
            "FromFile": "assets/SafariGuy.png",
            "When": {
                "EnableMod": "true",
                "SafariGuy": "true"
            }
        },
        {
            "Action": "EditImage",
            "Target": "Portraits/Sam",
            "FromFile": "assets/Sam.png",
            "When": {
                "EnableMod": "true",
                "Sam": "true"
            }
        },
        {
            "Action": "EditImage",
            "Target": "Portraits/Sam_Beach",
            "FromFile": "assets/Sam_Beach.png",
            "When": {
                "EnableMod": "true",
                "Sam_Beach": "true"
            }
        },
        {
            "Action": "EditImage",
            "Target": "Portraits/Sandy",
            "FromFile": "assets/Sandy.png",
            "When": {
                "EnableMod": "true",
                "Sandy": "true"
            }
        },
        {
            "Action": "EditImage",
            "Target": "Portraits/Sebastian",
            "FromFile": "assets/Sebastian.png",
            "When": {
                "EnableMod": "true",
                "Sebastian": "true"
            }
        },
        {
            "Action": "EditImage",
            "Target": "Portraits/Sebastian_Beach",
            "FromFile": "assets/Sebastian_Beach.png",
            "When": {
                "EnableMod": "true",
                "Sebastian_Beach": "true"
            }
        },
        {
            "Action": "EditImage",
            "Target": "Portraits/Shane",
            "FromFile": "assets/Shane.png",
            "When": {
                "EnableMod": "true",
                "Shane": "true"
            }
        },
        {
            "Action": "EditImage",
            "Target": "Portraits/Shane_Beach",
            "FromFile": "assets/Shane_Beach.png",
            "When": {
                "EnableMod": "true",
                "Shane_Beach": "true"
            }
        },
        {
            "Action": "EditImage",
            "Target": "Portraits/Vincent",
            "FromFile": "assets/Vincent.png",
            "When": {
                "EnableMod": "true",
                "Vincent": "true"
            }
        },
        {
            "Action": "EditImage",
            "Target": "Portraits/Willy",
            "FromFile": "assets/Willy.png",
            "When": {
                "EnableMod": "true",
                "Willy": "true"
            }
        },
        {
            "Action": "EditImage",
            "Target": "Portraits/Wizard",
            "FromFile": "assets/Wizard.png",
            "When": {
                "EnableMod": "true",
                "Wizard": "true"
            }
        }
    ]
}